Postal_Code,Latitude,Longitude
32801,-81.37637020320513,28.542967542307693
34491,,
32456,-85.36745240925266,29.884668719395016
33065,-80.2568867664557,26.268428329113924
33186,-80.40772649175608,25.65922080798135
33870,,
33511,-82.29635870891673,27.91353903014001
33134,,
33060,,
34420,,
32097,-81.59670673893805,30.629846941002945
32822,-81.29252997021277,28.489404352340426
34695,,
32266,-81.40503410179768,30.31635734741012
33010,,
33430,,
33931,-81.93338767241379,26.449519380295566
33193,-80.44609794418234,25.699281328983776
33762,-82.68551663709677,27.89359207419355
34769,-81.29883597394821,28.251205911650484
34471,-82.09444227394451,29.16386603968637
33145,-80.23501661699552,25.75326305595896
33441,-80.10072610818182,26.309673005454545
33179,-80.17884385846357,25.95942603734734
33166,-80.30495847990544,25.822809183569742
33716,-82.65727631845238,27.8766754
32405,,
32826,,
33936,,
33324,-80.27080307863476,26.113021858244682
32216,-81.58142668876496,30.284432710943115
33803,,
32046,,
33765,-82.74238026809672,27.980354492355694
34746,,
33603,-82.46293440298507,27.983355721144278
33165,,
34223,,
32068,-81.85904200663158,30.082229289263157
33040,,
33016,,
32214,,
32205,,
33496,-80.15378595504586,26.406568094189602
33135,-80.23408443460335,25.767026436604034
33173,,
34952,-80.29797526556604,27.28994776167453
33756,-82.78857672155772,27.947843332684286
33782,-82.70916071845637,27.85755900067114
33018,,
33412,,
33953,-82.21097499072847,27.004322713245035
33446,,
33161,-80.1823844640514,25.89357555006327
33326,-80.3827807311704,26.11286839931777
34243,-82.51674886164994,27.403351036231882
33073,-80.19186975490395,26.302054337310416
33770,,
33126,-80.29131436090508,25.7760719693024
33155,-80.30891133426009,25.73941706360337
33602,,
33150,,
33308,-80.1075939301653,26.188062510881544
33176,-80.36215595245245,25.656033753846707
33139,,
33311,,
32809,,
33319,-80.22151005568966,26.181693973448276
34945,-80.43087732356021,27.424297933507855
33177,,
33330,,
33404,,
34953,,
33763,-82.74322283028168,28.001381347887325
33178,,
33142,,
32907,-80.67089256208446,28.01603423701707
33403,,
32825,,
33133,,
33144,,
33334,,
32829,-81.2652214964467,28.468733356345176
33034,,
33026,,
32225,,
33351,-80.27462272834646,26.17807548645669
33647,,
32837,,
33760,,
33025,,
33122,,
33315,,
33309,-80.17229368265559,26.18623088348548
33411,-80.20998368252873,26.70756784586207
33903,-81.90258348121301,26.678378216420118
33137,-80.18977020252565,25.817328808708236
33594,-82.24439458943965,27.911358082327585
33014,,
33605,,
33701,-82.6387224388535,27.770546339808917
32725,-81.24553359908387,28.902969677712004
33062,-80.09653012169422,26.238938746074382
33773,-82.76303485065617,27.882557715748028
33029,,
33615,,
33614,,
33136,-80.20396015789231,25.787360713851818
33486,-80.112997110279,26.349159568722467
34788,,
34202,-82.41739995186813,27.42468504483516
33027,,
33713,-82.67438127272727,27.78510035036855
33131,,
33764,-82.7402143980315,27.912561353937004
32779,-81.41365069343435,28.705202062121213
33012,,
34744,,
34683,,
33435,-80.0663710469555,26.52658795140515
33183,-80.4091499082553,25.700659715820603
33445,-80.10978176901763,26.456303838916877
32217,,
34242,-82.54809649410319,27.26932317076167
34231,,
34104,,
34748,-81.88671046743323,28.785107730749257
33331,,
33323,-80.3172906894737,26.15098001804511
33844,-81.60418057879212,28.094106842415734
33182,-80.40459359985873,25.77709490539204
33172,,
32246,-81.51052171309978,30.300875271255606
33487,-80.08740425290698,26.40729866627907
33428,,
32605,-82.3684942167206,29.679304959978424
33461,-80.09556350207546,26.61895411
33610,,
32807,-81.30601599764707,28.544905294117648
33711,-82.68469921046513,27.747614042248063
34105,,
33024,-80.24706866225895,26.022621704352616
33556,,
33055,,
33130,,
33901,-81.87116668853504,26.627166156178344
33707,-82.71765350809628,27.757140997592998
32308,-84.23717591665668,30.468768464469743
33181,,
32218,-81.64994234298057,30.46844200107991
33772,-82.79464140026774,27.840198361311913
34292,-82.39055512027777,27.10347404388889
33185,,
33612,-82.45176547373494,28.051814756546186
33023,,
33414,-80.2600482402419,26.65434085964816
33432,-80.08854025624082,26.35009900161527
33921,-82.26368828064516,26.75497911827957
33149,,
33028,,
33410,,
32804,-81.38604237735849,28.5723675745283
33013,,
33009,-80.1435399277647,25.986454711764704
32792,,
32803,-81.35871347309644,28.556913051269035
33054,,
33418,-80.1281637079291,26.840661564925373
32746,-81.35397793333334,28.766824988172043
32931,-80.61035622216981,28.33533277358491
34771,,
33431,-80.1007630143954,26.378594430710173
32055,,
33020,,
33175,,
32724,-81.28179730568718,29.033627418808354
33327,-80.41240251979059,26.119172703273854
34275,,
33853,-81.55374888780487,27.899127083414633
32810,,
33470,,
33619,,
32811,,
33064,-80.11694356278497,26.274526299322243
33169,-80.21569903791368,25.946422509274928
33706,-82.74500298392857,27.734116136071425
32901,,
32789,-81.34962603047475,28.598903431757574
33442,-80.1417339548495,26.30850329297659
33132,,
33624,,
33076,,
33604,,
33167,,
32656,,
33413,-80.14776440603015,26.663247242713567
34135,-81.77244757095436,26.34702919681881
32805,-81.40099024390244,28.53552880243902
34761,,
32773,-81.2782066373016,28.762994671825396
33033,,
33063,,
33455,,
33467,-80.17569736586208,26.599768445632183
32303,-84.30024645897505,30.47055458869306
33429,,
33433,-80.15688541112782,26.345717593533834
33592,-82.31412102037038,28.011604958101852
33325,-80.31685767647059,26.108199703846154
33322,-80.27373610508083,26.14812209861432
33407,-80.07688365740741,26.74441042179487
32011,-81.82057623076923,30.55901665787546
33157,-80.34904502331142,25.606338254943427
33570,,
34711,,
33067,-80.22573296108588,26.308716395360314
32505,,
32580,,
33030,,
32114,-81.03875737225488,29.202858432089617
33714,-82.67725388357772,27.817159483870967
33498,-80.21621949466193,26.3903033683274
33434,-80.16815713888889,26.381142929777777
33312,-80.18089188522484,26.08969057869379
32905,-80.60457165670499,28.02971583659004
34655,,
33704,-82.63847394810811,27.796872934594596
33071,-80.24607461476684,26.23576890103627
32092,-81.50710376012303,29.964276306344463
33141,,
34606,-82.60545242546375,28.47951377234401
33406,,
34653,-82.69617370399274,28.24366543248639
33015,,
33313,-80.22518745136476,26.14951000694789
34238,-82.47903122464183,27.24106330687679
33771,-82.75707720586979,27.91584067118463
33180,-80.14455773637184,25.962710571149216
33912,,
32701,-81.37428137340426,28.66468522925532
34285,,
34689,-82.75972615183312,28.146208389001263
33125,,
33906,-81.8508785,26.62346106
32714,,
33483,-80.06500241567568,26.460483433783786
32567,,
32806,,
33154,,
32127,,
32606,-82.42298687542214,29.680855573733584
33569,-82.31822510390016,27.856685624180965
32712,-81.53060919280098,28.71206668882043
32780,-80.8201906257653,28.57054404017857
32570,-87.05904614341802,30.670127976509406
33129,,
33928,-81.78980940599571,26.429669161670233
33138,,
34787,-81.59547204488129,28.54344863643394
33174,,
33314,-80.22498118619048,26.06812612825397
34997,-80.2141435199248,27.137427526942353
33317,,
33609,,
33781,-82.71188565377082,27.83872256092067
33884,,
34234,,
32413,-85.91170726199985,30.23870903979954
34480,,
33156,,
32750,-81.34731639075629,28.706315239495797
33162,,
33127,-80.20554305289107,25.813944725887715
34990,,
33548,-82.476501718125,28.135838161874997
33525,-82.21192968957871,28.34113671552106
33558,,
34286,,
32086,-81.32023529503968,29.82131910555556
33146,-80.27201844175342,25.72086325671987
34145,,
32256,-81.53353875904912,30.20622226329521
32254,,
32224,,
32095,-81.41956996097902,30.024263528811186
33613,,
32178,-81.70074147000001,29.66407778
33851,,
33426,-80.0859530914248,26.546127468271767
33332,,
32920,-80.60430128969325,28.392028682331286
33463,-80.12468690666667,26.610042065698924
33607,,
33634,,
32713,-81.3126400285299,28.88729433344736
32763,-81.29883512707424,28.94349372976865
33316,,
33056,,
34205,-82.58249759276528,27.48280855321543
32827,-81.28816337631578,28.405239371929824
33306,,
33914,-82.00381155188118,26.575786146831682
33458,-80.12493040317274,26.930182150176265
32819,-81.46210603468117,28.46338452690513
34113,,
33301,,
33405,,
33880,,
33617,,
34233,,
32828,-81.18602734094489,28.54807990551181
33196,,
33187,-80.45418266504564,25.603076794311797
33702,,
34974,-80.87370686679104,27.202026714800997
34474,,
33417,-80.12297493584906,26.715919309643606
33401,-80.06706430246378,26.71470034521739
34232,,
33712,-82.66495609426606,27.742224588990826
33478,-80.20275132409972,26.932427241828258
32424,-85.0498348815534,30.44333887961165
32953,-80.70351444810319,28.40787911699545
34743,,
33415,,
32817,,
33547,,
33904,-81.95186293031189,26.583160601267057
33767,-82.82461391268437,27.977635372566372
33809,-81.9531410061144,28.131217825641023
32130,,
34994,-80.24793512944693,27.192655069506728
33956,-82.09201379548873,26.533916749624062
34103,-81.80338230962568,26.18968671737968
33444,-80.08842803237519,26.45924749409985
33394,,
34209,,
33069,-80.1563515225532,26.233580091702127
32043,,
34691,-82.75525779254143,28.193008697513815
34698,-82.77043456602502,28.025231828681427
33618,-82.50082971610644,28.068071611624653
32073,-81.71350814068441,30.178733986882126
33032,,
33565,,
34237,-82.51815334300255,27.33728683816794
32904,-80.67042308377953,28.07481107023622
32259,-81.5648321486636,30.098831074377884
32756,,
34951,-80.40159108541667,27.53246763375
34203,,
34654,-82.63123370500928,28.307004184972172
33710,,
32082,-81.37190947161291,30.155741609032255
32128,,
32211,,
32301,-84.2540521627763,30.435366139286767
33408,-80.06099718505435,26.839583376358696
34950,,
33830,,
32169,-80.88525365199496,29.013719201198548
33333,,
33924,-82.1969127530909,26.54422236363636
32091,,
33542,-82.18297404396728,28.238667720654398
34109,-81.77106485987527,26.24123034033264
34957,-80.23418033628118,27.238754778911566
92764,,
34604,-82.45365738838385,28.48105296262626
33409,-80.09280314764268,26.71449270694789
34668,,
33952,-82.10021111291779,26.985567076693766
32541,-86.4572224605317,30.394066614519428
33990,,
34982,-80.32821293214285,27.39424956785714
34102,-81.79773885923665,26.149369072824427
32547,,
33908,-81.93218351986167,26.505469727865613
34448,,
32796,-80.83703317996846,28.623363294794952
33328,-80.26530778261878,26.06590267300116
34452,-82.344427101983,28.803287466572236
32038,,
32435,,
34625,,
33021,,
32757,-81.63013735969697,28.802952910227276
33905,-81.78289531702127,26.668866567659574
32776,-81.53937727713415,28.807234618902438
33907,-81.87396057750557,26.573323474164813
32726,-81.67802998982843,28.84895908541667
33881,-81.72264064317295,28.04857258803641
32836,-81.51440258115943,28.394232937681164
34239,,
34684,-82.72801953238434,28.076715540747333
33143,,
33305,,
34949,-80.29728159206348,27.461809165608464
33462,-80.07232982986486,26.58337720418919
32808,,
34116,,
32137,-81.22003892693837,29.574738601689862
32608,-82.39651503209302,29.613425071395348
33991,-82.02144830802825,26.638696211303788
33484,-80.13062020943877,26.45055084107143
33559,-82.40772975233645,28.17253174626168
33852,-81.37330667388174,27.296824268843185
33068,-80.21842606826569,26.211022503505532
33189,,
33917,-81.85654560298507,26.711507197286295
33708,-82.79271567648904,27.806257814106583
32054,,
34266,,
34639,,
33900,,
32702,,
32341,-83.410926,30.46543775
32025,,
32084,-81.3268711055921,29.897976520285088
32958,-80.4798692013815,27.779336605526037
32626,,
33168,-80.20947234306351,25.89206719810575
33436,-80.10628551544178,26.53826157489678
32063,,
33563,-82.12729879660786,28.009401021845317
33715,-82.71376293586957,27.69459605652174
32141,,
32176,-81.0591644968794,29.3243628574894
33950,,
32129,,
33957,-82.0821194537092,26.44654020919881
33625,,
33982,-81.95392277248062,26.966539942248065
32257,,
34142,,
34224,,
33981,-82.23010651039755,26.924558255045874
33160,,
33004,,
33543,-82.30689812633928,28.210869946428573
34288,-82.13168766666666,27.05223693955224
32174,-81.10351514973671,29.292168369672446
34741,,
33759,-82.71841132192623,27.97950671885246
32937,-80.59759738640133,28.169281377114427
32112,,
33572,,
33184,,
34947,,
33993,-82.02727115381751,26.665088360800745
34601,,
34759,-81.4773011120332,28.105535452697097
34677,-82.68884270416666,28.048345149494953
33304,,
33019,,
32503,-87.21119374121622,30.458175828783787
33469,-80.10152784559749,26.9684133081761
34652,,
32168,-80.97869180515013,29.025393817487306
34613,,
32506,-87.32117021702703,30.40890604918919
34714,,
32258,,
32814,,
34615,,
34983,,
32207,,
33128,,
32812,,
32177,-81.67057706533129,29.657773036209555
32065,,
32502,-87.21314272317073,30.410935403658538
32963,-80.36614701940789,27.66666792006579
33566,-82.128989950646,27.993548882945735
32764,-81.13468375216048,28.844979867283953
33777,-82.75837382126583,27.853480079746838
32431,,
32771,-81.30345913166667,28.80565770214286
33170,,
32526,,
32514,,
34293,-82.39457484320458,27.05467506981402
32703,,
33321,-80.26034931273031,26.199080593802346
32765,-81.21589552836735,28.651139520816326
34681,,
33954,-82.10931912188678,27.02219911320755
33761,-82.72916046882217,28.027527352193992
33477,-80.07998619741697,26.922537579704798
33611,,
33460,,
34442,-82.39188440643275,28.922293142105264
33971,-81.7093863031496,26.61511416944882
34685,-82.69682128702065,28.09912392625369
33755,,
33140,,
32609,,
34236,-82.5482335712766,27.33212642819149
32053,,
32669,,
34470,,
33070,,
32206,-81.653487021875,30.349585340625
32034,,
32707,,
33935,-81.44933827412588,26.765799214685316
32738,-81.19013482370933,28.910008831106
32720,,
32658,,
33811,,
33339,,
32080,-81.2780163167647,29.848558006617647
33815,-81.98345684780702,28.040269731140352
33626,-82.61005538566434,28.05742548548951
33919,,
32209,-81.69711955777777,30.368897297777778
32164,-81.22338238506494,29.49859306001855
34609,-82.51688470524091,28.46722313939138
32739,,
33549,-82.45265624149184,28.133783395337993
32250,,
32327,-84.3264383643211,30.201342547968288
32110,,
33036,,
32839,,
32754,-80.94583503079137,28.70333308201439
32824,-81.3600635,28.37868361927711
34235,,
34221,,
33810,,
32401,-85.65053539155542,30.161145620772654
33637,,
32210,-81.72655502001787,30.268914310098303
34134,,
32219,-81.76917315285453,30.412432566342055
32534,,
32578,-86.4310351139684,30.489627850296152
34987,-80.44557350588236,27.283261780882352
34450,,
33523,-82.2082046122288,28.427283744970417
33042,,
34667,,
32446,-85.20925574449542,30.792776154357796
33043,,
33437,-80.15209232326622,26.52095519880686
32751,-81.3588947235955,28.62832581797753
34208,,
33705,-82.64359322126583,27.744331835189872
32226,,
32927,,
33606,-82.46625382634616,27.936273801538462
32926,-80.78942833047776,28.390338118780885
32967,-80.48634753626942,27.722144841968912
32204,-81.68446353113399,30.321047186013605
34117,,
33152,,
34287,-82.2354440119084,27.050591659389312
34428,-82.59285385936795,28.942356364785553
32603,,
32949,-80.54025323958334,27.9162168625
34608,,
32962,-80.38977648400001,27.59883124
32736,-81.55536255541237,28.885421198195875
33805,-81.95196748985508,28.075199302277433
32451,,
32569,-86.71644762013202,30.413444564356436
32233,,
32425,-85.6735969190678,30.817990264830506
32832,,
34429,,
32223,-81.62028981153358,30.15015946970849
32340,,
32460,,
32644,,
32067,,
33147,-80.23638104806915,25.850956969269465
33948,-82.14035378906607,26.98271018656036
32132,,
34996,-80.20717585587045,27.19529430688259
34476,-82.20094600300752,29.10774303433584
34119,,
34972,-80.85019339364304,27.34339339608802
33709,-82.73030992305141,27.813459339137644
32741,,
32821,,
32504,-87.19606230846867,30.48560401960557
33464,,
32203,,
32179,-81.88251714151785,29.09557523482143
32835,,
33480,,
34995,-80.24891756,27.18500998
34482,-82.24825973357844,29.23146883382353
33124,,
33909,,
0,,
32566,-86.84066294840034,30.416796099070275
32830,-81.53623364126582,28.37753050151899
32935,-80.64996295829145,28.138768349849247
32563,-87.01175484870294,30.400015103598328
32162,-81.98536559538044,28.92162632798913
33190,,
34475,,
33513,-82.19100155283446,28.65880485170068
33946,-82.2835490754717,26.84787764150943
33897,-81.667164372,28.2915109364
33685,,
33703,-82.63466263160377,27.818028876886792
32951,-80.5324401875,28.010739349583332
33035,,
33813,,
33544,-82.35162234735449,28.237021696825398
33838,-81.6188963139785,28.02051748924731
34108,,
32311,-84.20482345979292,30.405330786108713
32766,,
32922,-80.74115478605769,28.36489399254808
33920,,
34690,,
34602,-82.27536107594938,28.512136237974687
33153,,
32003,,
32583,-87.03693002202591,30.562689511955245
34623,,
33158,,
33534,-82.36912665835351,27.838601575544793
34434,,
34484,-82.046346862634,28.929201942266463
34647,,
32818,-81.48195865151516,28.561529586868687
33194,-80.44353951441326,25.757011938711734
32117,,
33823,-81.80404722960236,28.07574995036819
34449,,
33616,-82.52837964025974,27.866519022077924
33541,-82.21162349115227,28.23501978148148
32409,,
34472,-82.0237890756906,29.12060046975138
34747,-81.58281454393064,28.325480580154146
33629,-82.49743848076923,27.925407976153846
34624,,
34616,,
33913,-81.7609070659091,26.534098714318183
32407,-85.8075750970774,30.191794963698943
34610,,
32960,-80.41205084119048,27.63568200017857
32312,-84.25995986209678,30.54051998963134
32159,-81.93118919518716,28.92194266010695
32404,,
32643,-82.60934893367242,29.87765258992879
32119,,
33510,,
34240,,
34421,,
34669,-82.62625445775862,28.351905203017242
33585,-82.064240772,28.733533676999997
34219,-82.42195659410112,27.550321818539327
32653,,
33598,,
34446,,
32708,,
32614,,
32778,,
34946,-80.35025171099477,27.481665436125652
33898,-81.4990834239011,27.920489484065932
33778,,
34465,-82.4729101728,28.926156749333334
33916,-81.843522790625,26.638113577734376
32940,-80.69992568011905,28.228203496071426
32903,-80.57778373468635,28.108696295202954
32277,-81.58741830927711,30.365555150980818
32762,,
33066,,
32501,-87.22730801575932,30.42499964641834
32615,,
32795,-81.3444003,28.757678
34211,-82.40419042944785,27.448430191411042
33983,-82.01854919131652,27.010237220168065
32134,,
34991,,
34642,,
32948,-80.60016468803418,27.770336114529915
32952,-80.67091618945791,28.37547592961046
32601,-82.33864436174497,29.663248635973154
32024,,
32772,,
33860,,
33164,,
34207,,
32124,,
34715,,
33269,,
32222,-81.82309740967742,30.21579465483871
32549,,
33061,,
32433,-86.18387013367439,30.78223843282342
33801,,
34736,,
32542,-86.55078800958904,30.472372123287673
32909,-80.64576187363927,27.957406977161153
33584,-82.28858758696428,27.991997091785716
32693,-82.82040614902913,29.616003069417477
32444,-85.64048014766234,30.229881141818183
34770,,
33837,-81.61083896751269,28.20524859593909
33567,-82.13826054608695,27.94385503652174
32244,,
32408,,
33942,,
33776,,
34432,-82.38612487131783,29.0758141248062
33037,,
34620,,
33766,-82.7244811,28.0187477
34688,,
32208,-81.65743089107143,30.382561609821426
34479,,
32548,-86.62190871597222,30.41508664965278
32533,,
34737,-81.82208622009345,28.710890284735203
34212,,
34619,-82.71648096521739,27.96295731413044
32448,,
32351,,
32189,-81.63972232722223,29.55197826944444
34692,,
32439,-86.15764663680112,30.479083828247564
34120,,
34986,-80.40091789053498,27.32397716872428
34110,,
32730,,
34742,,
32220,,
34640,,
34453,,
34786,-81.56688258280255,28.487935776433122
33730,,
32202,-81.65282562843348,30.32911130318312
32019,,
32955,-80.72708429023257,28.306127367751937
34621,,
32221,-81.83253798958334,30.289732910416667
32507,-87.34112874899714,30.359103836389686
34112,,
33820,,
34637,,
34481,-82.30396269132653,29.111132554336734
34210,,
33896,,
32136,-81.1231113448718,29.439747780769228
34622,,
32009,,
32359,-83.37386895918367,29.67672744489796
34635,,
33002,,
34758,,
34984,-80.34337884340277,27.27154703715278
32304,-84.31427344062733,30.448970547796865
32121,,
33742,,
32118,,
34760,,
34638,-82.48776528105263,28.231757744736843
33031,,
32131,-81.59360508780487,29.668832520731705
32071,-82.945477892,30.04564316533333
32085,,
32709,-81.06555215,28.5642311
34215,,
34785,,
32459,-86.2007215682595,30.358277658640404
34217,-82.70806550526316,27.493025107894738
32934,,
32455,,
32344,,
33947,-82.27372100545455,26.896108373636366
32697,,
34607,,
34251,,
32618,-82.53627496918239,29.53132901069182
34664,,
34614,,
32752,,
52250,,
32607,,
34641,,
34643,,
32035,,
32428,,
33774,-82.82760249952494,27.881240587410925
33471,-81.12535517878787,26.879173187878788
33564,-82.1828434,27.892919
32562,,
32696,,
33922,-82.13328501290323,26.65666699247312
32820,,
32236,,
32059,-83.29747033333334,30.436767666666668
33329,-80.134442,26.1668689
34274,-82.45743479375,27.1394797125
33635,-82.5977215490566,28.02391259245283
34241,-82.41011320987124,27.251054716909874
33221,,
34630,,
32309,,
32561,-87.15925443841219,30.357001552285485
32667,-82.28392649508197,29.487246136885243
33850,,
32320,,
32802,,
34948,,
32056,,
33733,,
32640,-82.0478097516129,29.592647814838706
33188,,
33825,,
32798,-81.57708804590165,28.718092008196724
34981,-80.36817660098522,27.397487192610836
34477,,
33527,-82.22088473710937,27.991360390234377
32310,,
34230,,
30827,,
33972,-81.59964796074766,26.626005391588787
34755,,
32536,,
33097,,
34665,,
32716,,
32571,-87.15212921046708,30.63451553398987
37461,,
33940,,
32591,-87.215896,30.409121
32539,,
34222,,
32328,-84.8529452220612,29.663632320611917
33840,,
33280,,
32018,,
33256,,
34488,,
34101,,
34461,-82.48503751341109,28.843937576676385
32813,,
32966,-80.47272343595506,27.640361971910114
33622,,
33111,,
32195,-81.91686772204724,28.965146963385827
32509,,
32925,-80.60593829782609,28.25070189130435
32732,,
33576,-82.28974352592593,28.33360233333333
33482,,
32550,,
34289,,
34731,-81.89981304739884,28.860412414643545
34767,,
12765,,
32346,-84.38808362881356,29.98451352542373
32442,,
32158,,
33440,,
33450,,
32833,,
32052,,
34661,,
33827,,
32060,,
33454,,
32033,,
34772,,
33868,-81.820967992674,28.193004775457876
34973,,
32008,,
33980,,
33573,-82.35667886678779,27.715624087427322
33540,,
33497,,
33522,,
32358,,
32187,-81.59001437872341,29.593860680851066
33051,,
33416,,
33804,,
33493,-80.71979443157895,26.661297015789472
33388,-80.25500785,26.11708785
32577,,
34433,,
32239,,
32869,,
32877,,
23065,,
33296,,
34763,,
34682,,
32919,,
33918,,
32704,,
32674,,
33050,,
32540,,
34749,,
34216,,
32908,-80.68742001735016,27.973379751735013
34753,-81.89107697941176,28.579019908823533
32666,-82.02911692878787,29.728789293939393
33257,,
34114,,
32969,,
32853,,
33994,-82.03329195,26.59716745
32671,,
33785,-82.83106203860466,27.86048629348837
34648,,
32619,,
32148,-81.878712,29.634208825768322
32686,-82.2391503892405,29.37237331962025
32902,,
32321,,
33834,,
32881,,
5828,,
32464,,
33520,,
32421,,
33915,-81.8562595,26.5320768
32113,,
34988,-80.490401575,27.3597497875
33911,,
33443,,
32305,,
32872,,
32099,-81.766862,30.336769
33882,,
34464,,
34705,,
30265,,
32897,,
34436,,
32402,,
33937,,
33481,,
33839,-81.75562631341464,27.97917194634146
72110,,
34136,,
33859,-81.61533540643275,27.884473490643273
32954,-80.8585887,28.7022615
32181,-81.60041944666666,29.489138606666668
32968,,
33092,,
34265,,
33595,,
33476,-80.66051876577181,26.818184839597315
33951,-82.0202578,26.9341311
33318,,
32761,,
20338,,
32317,,
33529,,
32694,,
32081,-81.4408158989003,30.115292006231673
33955,-82.01862912386363,26.829066376136364
33806,,
32438,-85.43044127973569,30.47282116475771
32961,-80.504353,27.633864
33966,-81.82158985226131,26.593793761809046
32784,,
32343,-84.44370452777778,30.49412499444444
32964,,
34777,,
33447,-80.2052549,26.6286374
33601,,
34756,,
33438,,
32040,,
32531,,
33473,-80.18415995150906,26.517618119517103
33017,,
32749,,
33910,,
32145,-81.46709308121211,29.66538972
32006,,
32412,,
32522,,
32333,,
33355,,
32906,-80.7746278,28.3947321
32234,,
32241,,
32628,-83.12884458125,29.63434924375
32680,,
34745,-81.4175124,28.3274618
34106,,
33342,,
11354,,
32463,,
32088,,
33600,,
34722,,
32579,-86.57197795,30.444242593010753
33516,,
34276,,
34295,,
33973,-81.73529266,26.60583422
34813,,
33807,,
32950,,
32240,,
32253,,
33583,,
32617,,
33775,,
23446,,
33757,,
33255,,
34762,,
33688,,
32322,,
32622,,
33283,,
34985,,
33466,,
33468,,
32245,,
32759,-80.85563774616995,28.872150515194644
33597,-82.14864517474874,28.57926570138191
34280,,
36935,,
32064,,
32299,,
32878,,
32745,,
33967,-81.79767114090909,26.460830745454547
32466,,
34257,,
32858,,
32437,,
32462,,
32565,-87.14652609292317,30.906274390410168
33475,,
33589,,
32857,,
34713,,
33545,-82.29778167833334,28.27064355625
32014,,
33082,,
32568,-87.44546179082569,30.891503050458716
30052,,
33802,-81.969788,28.028943
94107,,
32637,,
33421,,
34734,,
34294,,
34712,,
34229,-82.48311360307692,27.18800061076923
32126,,
32976,-80.51861856000001,27.883433767659575
32684,,
32862,-81.3312245,28.416674
34277,,
33596,,
32861,,
34778,-81.6372673,28.687534
33114,,
92532,,
33684,,
32535,,
34291,-82.2275283,27.0724424
32030,,
90043,,
32887,,
32867,,
32190,,
34666,,
34644,,
34649,,
32675,,
33578,,
33579,,
34478,,
33779,,
34272,-82.45414286666666,27.13475983333333
34611,,
32314,,
62939,,
34426,,
33962,-81.7022707,26.0660388
32336,,
32664,,
32721,-81.2992019,28.997796
32004,,
32768,-81.5570112,28.6967216
33620,,
33116,,
60936,,
33758,,
32175,-81.1124451,29.2516232
35214,,
4613,,
32621,,
32069,,
32247,,
32719,,
33872,-81.51003514320102,27.510182043256158
32324,,
32454,,
32313,,
32410,,
33310,,
33524,-82.1524018,28.1818612
32417,,
32465,,
32411,,
32602,,
32572,,
32450,,
33052,,
32470,,
32329,,
33949,,
33623,,
33875,,
32641,,
32524,,
32718,,
33789,,
60565,,
34267,-81.9460312,27.07892325
33001,,
32978,,
33812,,
34605,,
33402,,
33845,,
32180,,
33873,-81.80701630179855,27.54753579460432
33568,,
33039,,
33902,,
32149,,
32790,,
34298,,
32727,,
33345,,
32347,-83.58863187795917,30.097087128163267
32331,,
34956,-80.44779028490566,27.0707954254717
34451,-82.267236,29.0788238
32140,,
32787,-81.5828818,28.5232891
33420,,
33846,-81.8839561,27.9648365
32747,-81.322379,28.8250693
33233,-80.315391,26.167972
33961,,
32238,,
33999,,
35569,,
32440,,
32670,,
33526,-82.5176974,28.4128905
32255,-81.547415,30.212958
33963,,
32959,,
34498,-82.71343140714285,29.0306978
33841,,
32066,,
32013,,
32074,,
32115,,
33424,,
32604,-82.32729746666666,29.67999796666667
32017,,
32777,-81.6306957,28.7629458
33571,,
32560,,
35236,,
33694,,
33472,-80.18279784242424,26.529582924242426
33512,,
32631,,
32036,,
33819,,
32923,,
38074,,
34656,,
32508,,
32406,,
33504,,
34618,,
33831,-81.9521984,27.9532029
32655,,
33675,,
32611,,
34717,,
34431,-82.48951881928784,29.118273723738874
34201,-82.4681229,27.400039137647056
32061,,
33738,,
32616,,
32010,,
32733,,
32427,,
32261,,
32538,-86.297674,30.968858
32306,-84.29920360243902,30.442531107317073
32044,,
33425,,
32039,,
32800,,
32307,,
33453,,
33457,,
33427,,
90426,,
32348,,
32449,-85.2426069,30.26578
62233,,
32588,,
32984,,
32744,,
34597,,
21478,,
33084,,
66502,,
35073,,
32711,,
32625,,
34768,,
32315,,
32688,,
31818,,
33104,,
34993,,
32289,,
21714,,
33058,,
34218,,
34962,,
33843,,
34206,,
33198,,
32248,,
33649,,
34473,,
33515,,
32166,,
32783,,
34552,,
32235,,
34958,,
34204,,
28547,,
33006,,
32543,,
34968,,
465,,
33208,,
32956,-80.723637,28.3345271
32794,,
34592,,
33960,,
32105,,
32957,-80.492142,27.836026
33011,,
32355,,
64613,,
34228,,
32735,-81.74583150186915,28.888460479439253
33679,,
33784,,
32135,,
32668,,
32260,,
33265,,
32185,-81.96187615,29.74611165
38632,,
29501,,
32096,-82.72266380736842,30.3317317806015
33970,,
33112,,
33934,,
32102,,
34789,,
32271,,
34773,,
32094,-82.8012472631016,30.230946535828878
33923,,
33242,,
32229,,
30317,,
33075,,
32116,,
32941,,
32212,,
33159,,
32023,,
33151,,
31707,,
33941,,
34797,-81.8270095581081,28.742787851351352
33077,,
33608,,
34603,,
32870,,
32447,,
34250,,
36561,,
82714,,
32443,,
38219,,
33465,,
32785,,
32705,,
32022,,
32445,,
34646,,
32230,,
33821,,
3,,
33266,-80.2900236,25.8101073
32388,,
34506,,
32201,,
33307,,
37705,,
37411,,
32610,,
33687,,
33964,,
33743,,
32646,,
30066,,
92401,,
32816,,
32264,,
32265,,
32420,,
32403,-85.61911665295123,30.08762989657827
32831,-81.1529879,28.46352
32638,,
32678,,
33550,,
32432,,
32793,,
33686,,
62035,,
95816,,
34586,,
32423,,
34423,,
33320,,
32041,,
34430,,
34784,,
34445,,
32199,,
33939,,
94607,,
33932,,
32007,,
